element_type,osmid,nodes,amenity,healthcare,name,name:en,geometry
way,521678280,"[5082741452, 5082741453, 5082741454, 5082741455, 5082741456, 5082741457, 5082741458, 5082741459, 5082741460, 5082741461, 5082741452]",hospital,hospital,校医院,University Hospital,"POLYGON ((121.4185575 31.14382, 121.4186011 31.1437097, 121.4187798 31.1437614, 121.4188042 31.1436997, 121.4187079 31.1436718, 121.4187527 31.1435585, 121.4191971 31.1436871, 121.4191393 31.1438335, 121.4188684 31.143755, 121.4188134 31.1438941, 121.4185575 31.14382))"
