element_type,osmid,ways,amenity,building,type,nodes,geometry
relation,3980999,"[299470387, 299470388]",library,yes,multipolygon,"[[[3034560128, 3034560129, 3034560130, 3034560131, 3034560233, 3034560234, 3034560235, 3034560132, 3034560128], [3034560236, 3034560237, 3034560238, 3034560239, 3034560236]]]","POLYGON ((121.4176871 31.1450675, 121.4175357 31.1450237, 121.4176874 31.144639, 121.4178416 31.1446836, 121.4179015 31.1445317, 121.4172575 31.1443456, 121.4169847 31.1450371, 121.417626 31.1452224, 121.4176871 31.1450675), (121.4171778 31.1448019, 121.4174288 31.1448697, 121.4173809 31.1449998, 121.4171299 31.144932, 121.4171778 31.1448019))"
