element_type,osmid,nodes,amenity,building,building:levels,name,geometry
way,806848396,"[7545152373, 7545152374, 7545152375, 7545152376, 7545152354, 7545152355, 7545152377, 7545152378, 7545152379, 7545152380, 7545152346, 7545152347, 7545152381, 7545152382, 7545152383, 7545152446, 7545152384, 7545152343, 7545152344, 7545152385, 7545152386, 7545152457, 7545152387, 7545152388, 7545152352, 7545152349, 7545152373]",library,yes,4,图书馆,"POLYGON ((103.9258318 30.7528784, 103.9257471 30.7527786, 103.9258008 30.7524535, 103.9259145 30.7523842, 103.9259061 30.752375, 103.9260477 30.7522835, 103.9260591 30.7522961, 103.9261697 30.7522287, 103.926534 30.7522729, 103.9266197 30.7523733, 103.9266323 30.7523653, 103.9267374 30.7524878, 103.9267246 30.752496, 103.9268048 30.7525899, 103.9267535 30.752913, 103.926698 30.7529484, 103.9266424 30.7529841, 103.9266705 30.7530158, 103.9265419 30.7530999, 103.9265127 30.7530669, 103.9263892 30.7531458, 103.9260492 30.7531017, 103.9260179 30.7530976, 103.9259362 30.7530014, 103.9259237 30.7530093, 103.9258186 30.7528869, 103.9258318 30.7528784))"
