element_type,osmid,nodes,amenity,building,name,name:en,name:zh,geometry
way,217855271,"[2271616327, 2271616333, 2271616323, 2271616307, 2271616311, 2271616321, 2271616327]",police,yes,校安保中心,Campus Security Centre,校安保中心,"POLYGON ((103.9268177 30.7601727, 103.9268526 30.760251, 103.9271396 30.7601542, 103.9270564 30.7599837, 103.9269572 30.7600182, 103.9270001 30.7601127, 103.9268177 30.7601727))"
