element_type,osmid,nodes,amenity,building,cuisine,fast_food,name,smoking,geometry
way,99978645,"[1155818295, 1155818379, 1155818394, 1155818403, 1155818295]",restaurant,yes,chinese,cafeteria,食堂,no,"POLYGON ((118.7753406 32.053809, 118.7754315 32.0532996, 118.7761514 32.0533919, 118.7760605 32.0539013, 118.7753406 32.053809))"
way,100954797,"[1166233540, 1166233554, 1166233549, 1166233544, 1166233540]",restaurant,yes,chinese,,南芳园,,"POLYGON ((118.7750141 32.053315, 118.7753042 32.0533478, 118.7752855 32.053467, 118.7749954 32.0534342, 118.7750141 32.053315))"
way,187815915,"[1984584657, 1984584664, 1984584652, 1984584647, 1984584657]",restaurant,yes,,,南园快餐厅,,"POLYGON ((118.7751371 32.0545864, 118.7754613 32.0546296, 118.7754755 32.054553, 118.7751514 32.0545098, 118.7751371 32.0545864))"
