element_type,osmid,geometry,nodes,amenity,building,name,library,name:en
way,301674314,"POLYGON ((121.4980799 31.2989419, 121.4984462 31.2990532, 121.4988116 31.2991644, 121.498756 31.299298, 121.4987923 31.299309, 121.49868 31.2995786, 121.4985697 31.299545, 121.498682 31.2992755, 121.4984649 31.2992095, 121.4984096 31.2993422, 121.4983761 31.299332, 121.4983561 31.29938, 121.4984966 31.2994227, 121.4984419 31.299554, 121.4980721 31.2994415, 121.4981268 31.2993102, 121.4982772 31.299356, 121.4982972 31.299308, 121.4982701 31.2992997, 121.4983254 31.299167, 121.4981035 31.2990995, 121.4979912 31.2993691, 121.49788 31.2993352, 121.4979641 31.2989996, 121.4979923 31.2990657, 121.4980243 31.2990754, 121.4980799 31.2989419))","[3057652774, 3067824733, 3057652785, 3057652793, 3057652797, 3057652830, 3057652828, 3057652791, 3057652789, 3057652802, 3057652800, 3057652808, 3057652816, 3057652829, 3057652818, 3057652798, 3057652804, 3057652796, 3057652794, 3057652786, 3057652778, 3057652807, 3057652801, 10803449661, 3057652775, 3057652776, 3057652774]",library,yes,复旦大学理科图书馆,,
way,729116299,"POLYGON ((121.5004621 31.2983339, 121.5006619 31.2978304, 121.5012329 31.2979959, 121.5011864 31.2981129, 121.5009339 31.2980397, 121.5008331 31.2982938, 121.5011005 31.2983713, 121.5010322 31.2985432, 121.5007532 31.2984624, 121.5007689 31.2984228, 121.5004621 31.2983339))","[6831009036, 6831009035, 6831009034, 6831009033, 6831009032, 6831009031, 6831009030, 6831009029, 6831009028, 6831009027, 6831009036]",library,yes,,文科图书馆,Library of Liberal Arts
