element_type,osmid,nodes,amenity,building,geometry
way,449825580,"[4467506583, 4467506582, 4467506580, 4467506581, 4467506583]",library,yes,"POLYGON ((103.7310055 36.0582541, 103.732354 36.0578414, 103.7320355 36.0571612, 103.730687 36.0575739, 103.7310055 36.0582541))"
