element_type,osmid,nodes,air_conditioning,amenity,building,internet_access,internet_access:fee,name,name:zh,name:zh-Hans,name:zh-Hant,operator,operator:type,wheelchair,geometry
way,554286853,"[5349322003, 5349322008, 5349322009, 5349322010, 5349322011, 5349322012, 5349322013, 5349322014, 5349322015, 5349322016, 5349322017, 5349322018, 5349322019, 5349322020, 5349322002, 5349322003]",yes,library,yes,yes,customers,中国海洋大学崂山校区图书馆,中国海洋大学崂山校区图书馆,中国海洋大学崂山校区图书馆,中國海洋大學嶗山校區圖書館,中国海洋大学,government,yes,"POLYGON ((120.4920638 36.1586347, 120.4920784 36.1585531, 120.4919686 36.158539, 120.491993 36.1584021, 120.4918426 36.1583824, 120.4919767 36.1578375, 120.4921272 36.1578605, 120.4921556 36.1576964, 120.4922613 36.1577128, 120.4922776 36.1576439, 120.4930907 36.1577456, 120.4929809 36.1583299, 120.4928589 36.1583168, 120.4927858 36.1587162, 120.4927129 36.1587083, 120.4920638 36.1586347))"
