element_type,osmid,amenity,name,name:zh,name:zh-Hans,name:zh-Hant,smoking,wheelchair,geometry,nodes,building,fast_food,ways,type
node,9776632942,restaurant,第五食堂,第五食堂,第五食堂,第五食堂,no,yes,POINT (120.5017072 36.1612678),,,,,
way,552537876,restaurant,第二食堂,第二食堂,第二食堂,第二食堂,no,yes,"POLYGON ((120.4951563 36.1649788, 120.4954996 36.1647873, 120.4952094 36.1644273, 120.4948555 36.164613, 120.4951563 36.1649788))","[5334612364, 5334612365, 5334612366, 5334612367, 5334612364]",yes,cafeteria,,
relation,7894334,restaurant,,,,,no,yes,"POLYGON ((120.4966098 36.1638202, 120.496673 36.1639642, 120.4967971 36.1639327, 120.4968834 36.1641466, 120.4971398 36.1640756, 120.4969776 36.1637146, 120.4966098 36.1638202))","[[[5334637286, 5334637287, 5334637288], [5334637288, 5334637284, 5334637285, 5334637289, 5334637286]]]",yes,,"[552542982, 552542983]",multipolygon
relation,7894335,restaurant,第一食堂,第一食堂,第一食堂,第一食堂,no,yes,"POLYGON ((120.4963164 36.1642884, 120.4961809 36.1643332, 120.4962548 36.1645073, 120.496868 36.1643307, 120.4967878 36.1641541, 120.4966461 36.1641964, 120.4965814 36.1640447, 120.4966718 36.1640173, 120.496583 36.1638235, 120.4959745 36.1639974, 120.4960453 36.164169, 120.4962333 36.1641168, 120.4963164 36.1642884))","[[[5334637278, 5334637279, 5334637280, 5334637281, 5334637282, 5334637283, 5334637272, 5334637273, 5334637274], [5334637274, 5334637275, 5334637276, 5334637277, 5334637278]]]",yes,cafeteria,"[552542981, 552542984]",multipolygon
