element_type,osmid,access,amenity,changing_table,toilets:disposal,unisex,wheelchair,geometry,nodes,building,fee
node,7846353393,yes,toilets,no,flush,yes,yes,POINT (106.4160019 29.8183048),,,
way,368589374,yes,toilets,,flush,yes,,"POLYGON ((106.4174145 29.8176918, 106.4175029 29.8176699, 106.417447 29.8175003, 106.4173586 29.8175222, 106.4173833 29.8175973, 106.4174145 29.8176918))","[3724418667, 3724418668, 3724418669, 3724418670, 3724418674, 3724418667]",yes,no
way,843421777,yes,toilets,,flush,yes,,"POLYGON ((106.4258952 29.8263737, 106.425831 29.8263183, 106.4259997 29.8262019, 106.4260487 29.8262609, 106.4258952 29.8263737))","[7867520939, 7867520941, 7867520942, 7867520943, 7867520939]",yes,
