element_type,osmid,nodes,amenity,healthcare,healthcare:speciality,name,name:en,name:zh,official_name,wikidata,wikipedia,geometry
way,538441462,"[4076640182, 4076640181, 4076640180, 5211728303, 5211728304, 5211728305, 5211728306, 5211728307, 5211728308, 5211728309, 826167716, 826167717, 826167718, 826167719, 5211728310, 4076640183, 4076640182]",hospital,hospital,pulmonology,上海市肺科医院,Shanghai Pulmonary Hospital,上海市肺科医院,同济大学附属肺科医院,Q30254066,zh:上海市肺科医院,"POLYGON ((121.4972933 31.3060309, 121.4978257 31.3048099, 121.4981619 31.3046822, 121.4987981 31.3030729, 121.4979146 31.3027611, 121.4977994 31.3029744, 121.4975017 31.3029006, 121.497012 31.3034421, 121.4966087 31.303319, 121.4963864 31.3034435, 121.4967178 31.3042066, 121.4967608 31.3043625, 121.4968037 31.3050042, 121.4966857 31.3054992, 121.496449 31.3060031, 121.4965928 31.3060149, 121.4972933 31.3060309))"
