element_type,osmid,nodes,amenity,building,healthcare,name,name:de,name:en,geometry,name:zh,name:zh-Hans,name:zh-Hant
way,190427034,"[2010555087, 5546915075, 5546915071, 5546915072, 5546915073, 2010555082, 2010555079, 5546915070, 5546915069, 5546915068, 5546915074, 2010555086, 2010555087]",hospital,yes,hospital,北航校医院,Krankenhaus,Beihang Hospital,"POLYGON ((116.3371591 39.9794638, 116.3371672 39.9793113, 116.3373811 39.979318, 116.3373899 39.9791547, 116.337178 39.979148, 116.3371862 39.9789938, 116.3379043 39.9790164, 116.337896 39.9791733, 116.3376401 39.9791653, 116.337631 39.9793345, 116.3378785 39.9793422, 116.3378708 39.9794862, 116.3371591 39.9794638))",,,
way,739527672,"[6924398165, 6924398168, 6924398167, 6924398166, 6924398165]",hospital,,hospital,北航校医院,,,"POLYGON ((116.336948 39.9797306, 116.3380923 39.9797424, 116.3381416 39.9788713, 116.3369933 39.9788392, 116.336948 39.9797306))",北航校医院,北航校医院,北航校醫院
