element_type,osmid,nodes,amenity,building,name,geometry
way,599647565,"[5704412208, 5704412209, 5704412210, 5704412211, 5704412212, 5704412213, 5704412214, 5704412215, 5704412216, 5704412217, 5704412218, 5704412219, 5704412220, 5704415021, 5704415022, 5704412208]",library,yes,江安图书馆,"POLYGON ((103.9976693 30.559743, 103.9975712 30.5597953, 103.9974778 30.5597913, 103.9973471 30.5597752, 103.997263 30.5597189, 103.9971976 30.5596747, 103.9971416 30.5595822, 103.9971042 30.5595058, 103.9970996 30.5594213, 103.9974638 30.5590996, 103.9973984 30.5590433, 103.9975526 30.5589307, 103.9982064 30.5594776, 103.9980663 30.5595983, 103.9979495 30.5595018, 103.9976693 30.559743))"
