element_type,osmid,nodes,amenity,building,name,geometry
way,98842746,"[8485585487, 1221037674, 1143420796, 1143420973, 1401835288, 1143420873, 1221037830, 1401835287, 1143420635, 1401835286, 1221037700, 8485585486, 8485585487]",library,yes,图书馆,"POLYGON ((114.3523241 30.4735898, 114.3522405 30.4735883, 114.3516401 30.4735936, 114.3516461 30.4740996, 114.3511514 30.4741015, 114.3506994 30.474108, 114.3506961 30.4738326, 114.3506923 30.4733755, 114.351093 30.473373, 114.3510919 30.4732455, 114.3522587 30.4732384, 114.3523295 30.4732348, 114.3523241 30.4735898))"
