element_type,osmid,amenity,name,geometry
node,1143295800,cafe,东篱,POINT (114.4290367 30.5172528)
node,1143790461,cafe,,POINT (114.4112239 30.5179249)
