element_type,osmid,nodes,amenity,building,name,geometry
way,675690959,"[6327768572, 6327768573, 6327768574, 6327768575, 6327768576, 6327768577, 6327768578, 6327768579, 6327768580, 6327768581, 6327768582, 6327768572]",library,yes,图书馆,"POLYGON ((126.6820293 45.7744645, 126.6807043 45.7742026, 126.6805058 45.7740417, 126.6804683 45.7738958, 126.6805434 45.7737498, 126.6807633 45.7736413, 126.6810315 45.7736525, 126.6822654 45.7738845, 126.6824477 45.7740267, 126.6824531 45.7741726, 126.6823619 45.7743298, 126.6820293 45.7744645))"
