element_type,osmid,addr:city,addr:housenumber,addr:street,source,geometry,nodes,addr:postcode,building,building:levels,name,roof:levels
way,300857424,Edinburgh,9-11,Infirmary Street,NLS_OS_Edinburgh_map_1940;Bing,"POLYGON ((-3.1856577 55.9481917, -3.1856998 55.9482272, -3.1858305 55.9483367, -3.1859015 55.9483962, -3.1858117 55.9484296, -3.1858464 55.9484589, -3.1856739 55.9485162, -3.1854516 55.9483284, -3.1854007 55.9482854, -3.1854766 55.9482572, -3.1854739 55.948255, -3.185527 55.9482353, -3.1855743 55.9482178, -3.1855783 55.9482211, -3.1856577 55.9481917))","[3049505806, 520526849, 8832682386, 520526852, 3049505857, 3049505859, 520526855, 520526858, 3049505826, 3049505819, 3049505818, 3090424795, 3049505807, 3049505810, 3049505806]",EH1 1LT,university,3,The University of Edinburgh Estates Department,0
way,300857434,,,,NLS_OS_Edinburgh_map_1940;Bing,"POLYGON ((-3.1856232 55.9481642, -3.1857991 55.948102, -3.1858342 55.9481368, -3.1858475 55.9481739, -3.1856998 55.9482272, -3.1856577 55.9481917, -3.1856232 55.9481642))","[3049505798, 520526842, 520526866, 520526845, 520526849, 3049505806, 3049505798]",,yes,,,
