element_type,osmid,geometry,nodes,amenity,healthcare,name,operator,operator:type
way,1118954502,"POLYGON ((116.4211726 39.9685743, 116.4211674 39.9683815, 116.4213572 39.968401, 116.4214145 39.9684069, 116.4214914 39.9684148, 116.4216934 39.9684356, 116.4216948 39.9685968, 116.4211726 39.9685743))","[2663522836, 2663522847, 10233483176, 10233483179, 10233483177, 8962815448, 8962815449, 2663522836]",hospital,hospital,北京中医药大学附属国医堂,北京中医药大学,university
