element_type,osmid,amenity,healthcare,name,geometry,nodes,building,wheelchair,emergency,name:en,name:zh,wikidata,wikipedia
node,9555974805,hospital,hospital,武汉大学医院信息学部分院,POINT (114.3522021 30.5313869),,,,,,,,
way,103642342,hospital,hospital,校医院,"POLYGON ((114.3581863 30.536025, 114.3583257 30.5358171, 114.3584169 30.5357431, 114.3586905 30.5355907, 114.358771 30.5356877, 114.3585564 30.5358171, 114.3586422 30.5359002, 114.3585135 30.5359926, 114.3584116 30.5359187, 114.3582828 30.5360897, 114.3581863 30.536025))","[1196701897, 1196701918, 1196701910, 1196701941, 1196701928, 1196701895, 1196701874, 1196701932, 1196701886, 1196701900, 1196701897]",yes,yes,,,,,
way,306379133,hospital,hospital,校医一分院,"POLYGON ((114.354337 30.5443316, 114.3540057 30.5443097, 114.3540111 30.5442489, 114.3542464 30.5442645, 114.3542543 30.5441751, 114.3539177 30.5441528, 114.3538973 30.5443819, 114.35433 30.5444105, 114.354337 30.5443316))","[3112677670, 3112677671, 3112677672, 3112677673, 3112677674, 3112677675, 3112677676, 3112677677, 3112677670]",hospital,,,,,,
way,953412832,hospital,hospital,武汉大学中南医院,"POLYGON ((114.3493305 30.5544, 114.34913 30.5544219, 114.3487814 30.5544357, 114.3484675 30.5544242, 114.3481671 30.5544404, 114.3479526 30.5544796, 114.3473893 30.5545859, 114.3468517 30.5547525, 114.3468176 30.5571375, 114.3484023 30.5572033, 114.3484979 30.5554312, 114.3494784 30.5554618, 114.3494945 30.5551848, 114.3495024 30.5549216, 114.3494773 30.5547048, 114.3493305 30.5544))","[10947983605, 8824671023, 8824671024, 8824671025, 8824671026, 8824671027, 8824671028, 10947983613, 10947983612, 10947983611, 10947983610, 10947983609, 10947983608, 10947983607, 10947983606, 10947983605]",,,yes,Zhongnan Hospital of Wuhan University,武汉大学中南医院,Q11124545,zh:武汉大学中南医院
