element_type,osmid,nodes,amenity,building,geometry,access,female,toilets:disposal,male,wheelchair
way,1050701187,"[9655332910, 9655332911, 9655332912, 9655332913, 9655332910]",toilets,yes,"POLYGON ((114.35709 30.529835, 114.3571168 30.5298347, 114.3571165 30.5298119, 114.35709 30.5298119, 114.35709 30.529835))",yes,yes,flush,,
way,1050701188,"[9655332911, 9655332914, 9655332915, 9655332912, 9655332911]",toilets,yes,"POLYGON ((114.3571168 30.5298347, 114.3571388 30.5298347, 114.3571391 30.5298125, 114.3571165 30.5298119, 114.3571168 30.5298347))",yes,,flush,yes,no
