element_type,osmid,nodes,amenity,building,healthcare,name,geometry
way,156050903,"[1683601050, 1683601034, 1683601047, 1683601053, 1683601050]",hospital,yes,hospital,南京大学医院,"POLYGON ((118.7767423 32.0557169, 118.7767678 32.0555715, 118.7773544 32.0556454, 118.7773289 32.0557908, 118.7767423 32.0557169))"
