element_type,osmid,geometry,amenity,name,nodes,building
node,1984689547,POINT (118.7745951 32.058776),library,德国研究图书馆,,
way,88778617,"POLYGON ((118.7755098 32.056892, 118.7755594 32.0565665, 118.7756229 32.0561503, 118.7758252 32.0561724, 118.7758359 32.0561023, 118.7765428 32.0561797, 118.776521 32.0563223, 118.7762708 32.0562949, 118.7762646 32.0563352, 118.7762611 32.0563584, 118.776344 32.0563675, 118.7763092 32.0565959, 118.7759789 32.0565598, 118.7760133 32.0563339, 118.7760905 32.0563424, 118.7760945 32.0563163, 118.7760999 32.0562811, 118.7758701 32.056256, 118.7757687 32.0569203, 118.7755098 32.056892))",library,南京大学图书馆（鼓楼）,"[1030351518, 1683871122, 1030351475, 1030351557, 1030351546, 1030351473, 1030351553, 1030351519, 8943863903, 1030351548, 1030351555, 1030351483, 1030351532, 1030351472, 1030351491, 8943863902, 1030351536, 1030351486, 1030351554, 1030351518]",yes
