element_type,osmid,nodes,amenity,building,name,name:zh,name:zh-Hans,name:zh-Hant,geometry
way,314370873,"[3204203412, 3204203413, 3204203414, 3204203415, 3204203412]",restaurant,yes,万秀园,万秀园,万秀园,萬秀園,"POLYGON ((116.3554269 39.9877674, 116.355998 39.9877787, 116.3560137 39.9873114, 116.3554426 39.9873001, 116.3554269 39.9877674))"
way,314370874,"[3204203416, 3204203417, 5257064605, 5257064606, 3204203418, 3204203419, 3204203420, 3204203421, 3204203422, 3204203423, 3204203424, 3204203425, 3204203426, 3204203416]",restaurant,yes,鸿博园,鸿博园,鸿博园,鴻博園,"POLYGON ((116.3508315 39.9876182, 116.3510695 39.987621, 116.351069 39.9876465, 116.3514626 39.987651, 116.3515427 39.9876274, 116.3515884 39.9875955, 116.3516263 39.9875403, 116.3516406 39.9874827, 116.3516286 39.9874264, 116.3515797 39.9873755, 116.3515156 39.9873347, 116.3515183 39.9871983, 116.3508399 39.9871905, 116.3508315 39.9876182))"
way,543835538,"[5257163539, 5257163540, 5257163541, 5257163542, 5257163539]",restaurant,yes,友谊餐厅,,,,"POLYGON ((116.3563949 39.9872332, 116.3564121 39.9868433, 116.3565969 39.9868481, 116.3565797 39.9872379, 116.3563949 39.9872332))"
