element_type,osmid,ways,amenity,building,type,nodes,geometry
relation,7568488,"[513262252, 524117757, 524117758, 524117760]",library,university,multipolygon,"[[[5017697611, 5032747774, 5017697620, 5032747770, 5032747771, 5017697612, 5017697613, 5017697614, 5017697615, 5017697616, 5017697617, 5017697618, 5017697611], [5100951836, 5100951835, 5100951832, 5100951831, 5100951834, 5100951833, 5100951836], [5100951840, 5100951839, 5100951838, 5100951837, 5100951840], [5100951844, 5100951843, 5100951842, 5100951841, 5100951844]]]","POLYGON ((116.3098027 39.9711118, 116.3097644 39.9715285, 116.3105605 39.9715714, 116.3106441 39.9706607, 116.3094501 39.9705946, 116.3094324 39.9707821, 116.3094179 39.9709467, 116.3093972 39.9711666, 116.3093904 39.9712389, 116.3093883 39.971265, 116.3096144 39.9712772, 116.3096304 39.9711025, 116.3098027 39.9711118), (116.3100434 39.9709373, 116.3098209 39.9709249, 116.3098093 39.9710473, 116.3096407 39.971038, 116.3096625 39.9708066, 116.3100536 39.9708283, 116.3100434 39.9709373), (116.3102771 39.9711924, 116.310261 39.9713634, 116.3100645 39.9713525, 116.3100806 39.9711815, 116.3102771 39.9711924), (116.3101107 39.9708272, 116.3103166 39.9708386, 116.3102946 39.971072, 116.3100886 39.9710606, 116.3101107 39.9708272))"
