element_type,osmid,amenity,name,name:zh,name:zh-Hans,name:zh-Hant,geometry,nodes,building
node,7759803237,restaurant,水果店,水果店,水果店,水果店,POINT (116.139869 40.2503192),,
way,921001721,restaurant,玉兰食堂,玉兰食堂,玉兰食堂,玉蘭食堂,"POLYGON ((116.140823 40.2540137, 116.14082 40.2537955, 116.140909 40.2537948, 116.1409079 40.2537172, 116.1410081 40.2537164, 116.141007 40.2536349, 116.1413296 40.2536323, 116.1413301 40.2536692, 116.1414066 40.2536685, 116.1414086 40.253814, 116.141641 40.2538121, 116.1416432 40.2539717, 116.1415705 40.2539723, 116.1415741 40.2542255, 116.1412883 40.2542279, 116.1412863 40.2540894, 116.1409011 40.2540926, 116.1408999 40.254013, 116.140823 40.2540137))","[8551033211, 9105698580, 9105698581, 8551033212, 10733367618, 10733367617, 10733367616, 10733367615, 8551033213, 9105698582, 9105698583, 10733367614, 10733367613, 9105698584, 10733367612, 10733367611, 10733367610, 8551033214, 8551033211]",restaurant
