element_type,osmid,nodes,addr:housenumber,addr:street,amenity,building,name,name:en,operator,geometry
way,359677859,"[3643535069, 3643535070, 3643535071, 3643535072, 3643535073, 3643535074, 3643535075, 3643535076, 3643535077, 3643535078, 3643535079, 3643535080, 3643535081, 3643535082, 3643535083, 3643535084, 3643535085, 3643535086, 3643535087, 3643535088, 3643535089, 3643535090, 3643535091, 3643535092, 3643535193, 3643535194, 3643535195, 3643535196, 3643535197, 3643535198, 3643535199, 3643535200, 3643535201, 3643535202, 3643535203, 3643535069]",127,友谊西路,library,yes,西北工业大学 图书馆,International Conference Center of Northwestern Polytechnical University,西北工业大学,"POLYGON ((108.910836 34.2445928, 108.9108458 34.2446897, 108.9109565 34.2447732, 108.9110216 34.2447947, 108.9110835 34.2448001, 108.9110835 34.2448378, 108.9113408 34.2448405, 108.9113603 34.2448216, 108.9115329 34.2448243, 108.9115981 34.244792, 108.9115948 34.2447463, 108.9115492 34.2447436, 108.9115492 34.2447167, 108.9114743 34.2447113, 108.9114906 34.2446574, 108.9114222 34.2446144, 108.9113896 34.2445444, 108.9114027 34.2444824, 108.9114483 34.2444286, 108.9114776 34.2444097, 108.9114776 34.2443586, 108.9115199 34.2443155, 108.9115948 34.2443101, 108.9115883 34.2442617, 108.9115134 34.244259, 108.9115134 34.2442267, 108.9112496 34.244224, 108.9112235 34.2442536, 108.9110542 34.2442401, 108.9110542 34.2442671, 108.9110151 34.2442671, 108.9110216 34.2443021, 108.9109435 34.2443667, 108.9108555 34.2444178, 108.9108327 34.2445013, 108.910836 34.2445928))"
way,362794777,"[3670482080, 3670482081, 3670482082, 3670482083, 3670482084, 3670482085, 3670482086, 3670482087, 3670482088, 3670482089, 3670482090, 3670482091, 3670482092, 3670482093, 3670482094, 3670482095, 3670482096, 3670482097, 3670482098, 3670482099, 3670482080]",,,library,yes,西北工业大学老图书馆,,西北工业大学,"POLYGON ((108.9098078 34.2447992, 108.9098672 34.2447992, 108.9098672 34.2449331, 108.9101818 34.2449332, 108.9101818 34.2449562, 108.9102904 34.2449562, 108.9102905 34.2448251, 108.9099659 34.2448241, 108.9099674 34.2445836, 108.9100829 34.2445842, 108.9100821 34.2447017, 108.9102876 34.2447026, 108.9102893 34.2444493, 108.9100654 34.2444483, 108.9100647 34.2445442, 108.9100002 34.2445439, 108.9100016 34.2443344, 108.9103147 34.2443359, 108.9103159 34.2441641, 108.9098091 34.2441616, 108.9098078 34.2447992))"
