element_type,osmid,amenity,name,opening_hours,geometry,nodes,building,building:levels
way,301674317,restaurant,本部食堂,,"POLYGON ((121.502267 31.3029484, 121.5022603 31.3029647, 121.5023387 31.3029884, 121.5023107 31.3030562, 121.5023534 31.303069, 121.5022695 31.3032722, 121.5022268 31.3032593, 121.502208 31.303305, 121.5021295 31.3032813, 121.5021197 31.3033053, 121.5015907 31.3031458, 121.5016006 31.3031219, 121.5015288 31.3031003, 121.5015477 31.3030546, 121.501515 31.3030448, 121.5015989 31.3028416, 121.5016315 31.3028514, 121.5016595 31.3027837, 121.5017313 31.3028053, 121.501738 31.302789, 121.5018389 31.3028194, 121.5019302 31.302825, 121.5020188 31.3028445, 121.5021006 31.3028766, 121.5021744 31.3029205, 121.502267 31.3029484))","[3057653433, 3057653434, 3057653436, 3057653439, 3057653440, 3057653446, 3057653445, 3057653448, 3057653447, 3057653449, 3057653444, 3057653442, 3057653441, 3057653438, 3057653437, 3057653328, 3057653330, 3057653323, 3057653325, 3057653324, 3057653326, 3057653327, 3057653329, 3057653331, 3057653332, 3057653433]",university,4
way,302928373,restaurant,复旦南区食堂,"PH,Mo-Su 06:00-20:00","POLYGON ((121.4952593 31.2942014, 121.4952627 31.2939261, 121.4950653 31.2939243, 121.4950668 31.2938054, 121.4954419 31.2938088, 121.4954423 31.2937774, 121.4957869 31.2937805, 121.4957858 31.2938688, 121.4958753 31.2938696, 121.4958728 31.2940759, 121.4957833 31.2940751, 121.4957822 31.2941673, 121.4954988 31.2941648, 121.4954983 31.2942036, 121.4952593 31.2942014))","[3072109157, 3072109152, 3072109151, 3072109145, 3072109146, 3072109143, 3072109144, 3072109147, 3072109148, 3072109154, 3072109153, 3072109156, 3072109155, 3072109158, 3072109157]",university,
