element_type,osmid,amenity,cuisine,name,name:zh,name:zh-Hans,name:zh-Hant,geometry,nodes,building,fast_food
node,6041100036,restaurant,chinese,楼上楼茶餐厅,楼上楼茶餐厅,楼上楼茶餐厅,樓上樓茶餐廳,POINT (116.352893 39.961991),,,
way,399013934,restaurant,,综合食堂,综合食堂,综合食堂,綜合食堂,"POLYGON ((116.350117 39.9627033, 116.3506813 39.9627265, 116.350704 39.9624363, 116.350136 39.9624276, 116.350117 39.9627033))","[4017527714, 4017527715, 4017527716, 4017527717, 4017527714]",yes,cafeteria
way,399018200,restaurant,,北京邮电大学学生餐厅,北京邮电大学学生餐厅,北京邮电大学学生餐厅,北京郵電大學學生餐廳,"POLYGON ((116.3525981 39.9622278, 116.3533169 39.9622484, 116.3533491 39.9617282, 116.3526196 39.9617077, 116.3525981 39.9622278))","[4017581642, 4017581643, 4017581644, 4017581645, 4017581642]",yes,cafeteria
way,582551389,restaurant,,教工餐厅,教工餐厅,教工餐厅,教工餐廳,"POLYGON ((116.3518657 39.962363, 116.3523562 39.9623733, 116.3523854 39.9619836, 116.3521098 39.9619733, 116.3520919 39.9623098, 116.3518679 39.9623063, 116.3518657 39.962363))","[5571169978, 5571169979, 5571169980, 5571169981, 5571169982, 5571169983, 5571169978]",yes,cafeteria
