element_type,osmid,nodes,amenity,building,name,name:zh,name:zh-Hans,name:zh-Hant,geometry
way,188600671,"[1992227334, 1992227321, 1992227320, 1992227332, 1992227323, 1992227314, 1992227327, 1992227325, 1992227318, 1992227315, 1992227322, 1992227313, 1992227316, 1992227326, 1992227330, 1992227324, 1992227317, 1992227329, 1992227328, 1992227331, 1992227319, 1992227312, 1992227335, 1992227333, 1992227334]",library,yes,图书馆,图书馆,图书馆,图书馆,"POLYGON ((116.3369697 39.9506909, 116.3369858 39.9505799, 116.3373613 39.9504195, 116.3374472 39.9504319, 116.3374941 39.9504931, 116.3375759 39.9504606, 116.3376872 39.9504808, 116.3377476 39.950547, 116.3377194 39.9506329, 116.3376242 39.9506786, 116.3376872 39.9507275, 116.3376604 39.9508303, 116.337592 39.9508678, 116.3375169 39.9508636, 116.3374136 39.9509085, 116.3373828 39.9509665, 116.337313 39.9510035, 116.3372004 39.950987, 116.3371467 39.9509377, 116.3370877 39.9509706, 116.336959 39.9509541, 116.3369 39.9508801, 116.3369214 39.9507814, 116.3370234 39.9507526, 116.3369697 39.9506909))"
