element_type,osmid,amenity,geometry
node,4217498060,toilets,POINT (116.332173 39.951942)
node,4217498061,toilets,POINT (116.3372907 39.9508676)
