element_type,osmid,nodes,amenity,healthcare,healthcare:speciality,name,name:en,operator,geometry
way,939257104,"[8700802899, 8700802900, 8700802901, 8700802902, 8700802903, 8700802904, 8700802905, 8700802906, 8700802907, 8700802908, 8700802909, 8700802910, 8700802899]",hospital,hospital,general;dentistry;emergency;biology;internal;radiology;vaccination;community;maternity;physiatry;orthodontics;surgery,西南大学医院,Southwest University Hospital,西南大学,"POLYGON ((106.4280148 29.8278847, 106.4278764 29.8277591, 106.4277156 29.8276307, 106.4274839 29.8274855, 106.4274003 29.8274269, 106.4272523 29.8276502, 106.4268436 29.8274855, 106.4267182 29.8277619, 106.4271654 29.8279405, 106.4275515 29.8281889, 106.4276931 29.8280187, 106.4278314 29.8281136, 106.4280148 29.8278847))"
