element_type,osmid,nodes,amenity,building,name,geometry
way,779016652,"[7273640712, 7273640713, 7273640714, 7273640715, 7273640712]",library,yes,对外经济贸易大学图书馆,"POLYGON ((116.4200251 39.9763085, 116.4205871 39.9763209, 116.4205545 39.9771889, 116.4199924 39.9771765, 116.4200251 39.9763085))"
