element_type,osmid,ways,addr:city,addr:province,amenity,building,name,type,nodes,geometry
relation,6759054,"[273645404, 457409440]",徐州市,江苏省,library,university,中国矿业大学图书馆,multipolygon,"[[[2784801230, 4535621185, 4535621184, 4535621183, 4535621182, 4535621187, 4535621181, 4535621180, 4535621179, 4535621186, 4535621178, 4535621177, 4535621176, 4535621175, 4535621174, 4535621173, 4535621172, 2784760650, 4535621188, 2784801233, 2784801232, 2784801236, 2784801237, 2784801231, 4535621171, 2784801230], [4535621170, 4535621169, 4535621168, 4535621167, 4535621166, 4535621170]]]","POLYGON ((117.1392375 34.216803, 117.139355 34.2167308, 117.1394082 34.2167936, 117.1396168 34.2166618, 117.1397006 34.2165593, 117.13974 34.2164399, 117.139731 34.2163164, 117.1396744 34.2162018, 117.1395763 34.2161084, 117.1394471 34.216046, 117.1393005 34.2160212, 117.139152 34.2160368, 117.1390175 34.2160909, 117.1390212 34.2161411, 117.1387254 34.216138, 117.1387178 34.2158996, 117.1385559 34.21603, 117.1384516 34.2161959, 117.1384156 34.2163804, 117.1384513 34.216565, 117.1385553 34.216731, 117.1387171 34.2168616, 117.1389202 34.2169437, 117.1391442 34.2169689, 117.1393664 34.2169347, 117.1392375 34.216803), (117.1387292 34.2164579, 117.1387405 34.2162321, 117.1390364 34.2162321, 117.1391957 34.216414, 117.1388961 34.2166054, 117.1387292 34.2164579))"
