element_type,osmid,nodes,air_conditioning,amenity,building,name,name:zh,name:zh-Hans,name:zh-Hant,outdoor_seating,smoking,wheelchair,geometry
way,268207470,"[2735682928, 2735682929, 2735682930, 2735682931, 2735682928]",yes,cafe,yes,USTC1958（东区）,USTC1958（东区）,USTC1958（东区）,USTC1958（東區）,yes,no,yes,"POLYGON ((117.2631177 31.8404383, 117.2631186 31.8405189, 117.2633178 31.8405174, 117.263317 31.8404368, 117.2631177 31.8404383))"
