element_type,osmid,nodes,amenity,building,emergency,healthcare,name,name:en,name:zh,name:zh-Hans,name:zh-Hant,operator,operator:type,wheelchair,geometry
way,265032063,"[2706839920, 2894949809, 2706839921, 2768934148, 2768934149, 2706839923, 2706839924, 2706839925, 2706839926, 2706839927, 2706839928, 5006731310, 2706839929, 2894949805, 2894949801, 2706839930, 2894949808, 2706839920]",hospital,no,yes,hospital,中国科学技术大学医院,University of Science and Technology of China Hospital,中国科学技术大学医院,中国科学技术大学医院,中國科學技術大學醫院,中国科学技术大学,government,yes,"POLYGON ((117.2612645 31.8358168, 117.2609926 31.8358055, 117.2609751 31.8358048, 117.2609408 31.8358113, 117.2604606 31.8358404, 117.2604606 31.8358242, 117.2601808 31.8358522, 117.2601719 31.8358345, 117.2601243 31.8358396, 117.2601184 31.8358093, 117.2600854 31.8358096, 117.2600134 31.8351407, 117.2612452 31.8350195, 117.2612553 31.8351185, 117.2612688 31.8353032, 117.2612794 31.8354334, 117.2612744 31.8356595, 117.2612645 31.8358168))"
