element_type,osmid,nodes,amenity,building,building:levels,internet_access,internet_access:fee,name,name:zh,name:zh-Hans,name:zh-Hant,operator,operator:type,wheelchair,geometry
way,284161541,"[2879179230, 3026584428, 3026584427, 2879179236, 2879179237, 2879179238, 3026584405, 3026584408, 3026584407, 3026584406, 2879179239, 3026584414, 3026584415, 3026584416, 3026584422, 3026584418, 3026584420, 3026584419, 3026584417, 3026584421, 3026584413, 3026584412, 3026584411, 2879179240, 3026584409, 3026584423, 3026584424, 3026584410, 2879179241, 2879179242, 2879179243, 3026584425, 3026584426, 2879179231, 2879179230]",library,yes,6,yes,customers,东区图书馆,东区图书馆,东区图书馆,東區圖書館,中国科学技术大学,government,yes,"POLYGON ((117.2638681 31.839185, 117.2639712 31.8391907, 117.2639799 31.8391652, 117.2641513 31.8391703, 117.2641602 31.8391285, 117.264454 31.8391468, 117.2644587 31.8390837, 117.2644981 31.8390858, 117.264505 31.838995, 117.2644629 31.8389926, 117.2644657 31.8389285, 117.2643927 31.8389234, 117.2643957 31.8389057, 117.2640619 31.838888, 117.2640634 31.8388994, 117.2639382 31.8388943, 117.2639364 31.8389097, 117.2637907 31.8389019, 117.2637907 31.838888, 117.2636566 31.8388791, 117.2636581 31.8388677, 117.2633124 31.83885, 117.2633109 31.8388703, 117.2632587 31.8388652, 117.2632513 31.8389386, 117.263211 31.8389374, 117.2632051 31.8390045, 117.2632506 31.8390077, 117.2632438 31.8390791, 117.2635567 31.8390931, 117.2635552 31.839131, 117.2637132 31.8391361, 117.2637087 31.8391766, 117.2637865 31.8391794, 117.2638681 31.839185))"
