element_type,osmid,nodes,amenity,building,name,name:en,name:zh,name:zh-Hans,name:zh-Hant,smoking,wheelchair,geometry,ways,type
way,259181645,"[2645379383, 2645379374, 2645379371, 2645379379, 2645379383]",restaurant,yes,西苑餐厅,Xiyuan Restaurant,西苑餐厅,西苑餐厅,西苑餐廳,no,yes,"POLYGON ((126.6217646 45.7412911, 126.6219838 45.7411674, 126.6218739 45.7410725, 126.6216547 45.7411962, 126.6217646 45.7412911))",,
way,319264974,"[3256759700, 3256759701, 3256759702, 3256759703, 3256759700]",restaurant,yes,学苑楼,Xueyuan Dining Hall,学苑楼,,,,,"POLYGON ((126.6261166 45.7423991, 126.6267744 45.7420196, 126.6262387 45.7415724, 126.6255839 45.7419543, 126.6261166 45.7423991))",,
way,319266332,"[3256770578, 3256770579, 3256770580, 3256770581, 3256770582, 3256770583, 3256770584, 3256770585, 3256770586, 3256770587, 3256770588, 3256770589, 3256770578]",restaurant,yes,学子餐厅,Xuezi Dining Hall,学子餐厅,,,,,"POLYGON ((126.6252048 45.7426519, 126.6253964 45.7428137, 126.6260108 45.7424597, 126.6258314 45.7423082, 126.6257758 45.7423403, 126.6257282 45.7423, 126.6256971 45.7423179, 126.6255855 45.7422237, 126.6256679 45.7421762, 126.6255376 45.7420662, 126.6252144 45.7422526, 126.6254914 45.7424866, 126.6252048 45.7426519))",,
relation,4434294,"[[[3256759692, 3256860270, 3256759693, 3256759694, 3256759695, 3256759692], [3256759698, 3256759699, 3256759696, 3256759697, 3256759698]]]",restaurant,yes,学士餐厅,Xueshi Dining Hall,学士餐厅,,,,,"POLYGON ((126.627047 45.7418623, 126.6270812 45.741891, 126.6278011 45.7414726, 126.6272236 45.7409886, 126.6265037 45.741407, 126.627047 45.7418623), (126.6269952 45.7415013, 126.6268442 45.7413748, 126.6270982 45.7412271, 126.6272492 45.7413536, 126.6269952 45.7415013))","[319264971, 319264972]",multipolygon
