element_type,osmid,nodes,amenity,building,name,name:en,name:zh,geometry
way,319268785,"[3256788556, 3256788557, 3256788558, 3256788559, 3256788556]",library,yes,图书馆,Library,图书馆,"POLYGON ((126.6257014 45.743402, 126.6261451 45.743786, 126.6270705 45.7432651, 126.6266268 45.7428811, 126.6257014 45.743402))"
