element_type,osmid,addr:city,addr:district,addr:postcode,addr:province,addr:street,amenity,emergency,healthcare,name,name:en,name:zh,name:zh-Hans,name:zh-Hant,operator,operator:type,wheelchair,geometry,nodes,building
node,10161910483,北京市海淀区,海淀区,100084,北京市,近春路,hospital,yes,hospital,校医院,University Hospital,校医院,校医院,校醫院,清华大学,government,yes,POINT (116.3117027 40.0026092),,
way,80716519,,,,,,hospital,yes,hospital,清华大学医院,Tsinghua University Hospital,清华大学医院,清华大学医院,清華大學醫院,清华大学,government,yes,"POLYGON ((116.3120721 40.0011451, 116.3124722 40.0011622, 116.3124633 40.0012844, 116.312341 40.0012791, 116.3123328 40.0013924, 116.3124358 40.0013968, 116.3124273 40.001513, 116.3123228 40.0015085, 116.3123096 40.0016899, 116.3124263 40.0016949, 116.3124106 40.0019106, 116.3117287 40.0018814, 116.3117333 40.0018185, 116.3117695 40.00182, 116.311795 40.0014704, 116.3118255 40.0014718, 116.3118326 40.0013741, 116.3120547 40.0013836, 116.3120721 40.0011451))","[941372634, 941372637, 941372638, 941372639, 941372640, 941372641, 941372643, 9766263478, 9766263477, 941372652, 941372653, 941372655, 9766263476, 9766263475, 941372656, 941372658, 941372659, 941372660, 941372634]",yes
