element_type,osmid,amenity,name:en,geometry,nodes,building,name,cuisine,fast_food
node,5118827622,restaurant,DUT school canteen,POINT (121.5176799 38.8787866),,,,,
way,300184006,restaurant,,"POLYGON ((121.5245256 38.8804308, 121.5245065 38.8807087, 121.5245748 38.8807115, 121.5245939 38.8804336, 121.5245256 38.8804308))","[3042871257, 3042871258, 3042871259, 3042871260, 3042871257]",yes,大工食府,,
way,300184007,restaurant,,"POLYGON ((121.5254403 38.8806808, 121.5253107 38.8806771, 121.5253173 38.8805362, 121.5254469 38.8805399, 121.5254403 38.8806808))","[4712714506, 4712714509, 3042871262, 4712714507, 4712714506]",yes,教工食堂,regional,cafeteria
way,300184008,restaurant,,"POLYGON ((121.5244634 38.8820806, 121.5247413 38.8820806, 121.5247753 38.8809242, 121.5245088 38.8811758, 121.5244634 38.8820806))","[3042871265, 3042871266, 3042871267, 3042871268, 3042871265]",yes,,,
way,477992099,restaurant,,"POLYGON ((121.5254469 38.8805399, 121.5258458 38.8805512, 121.5258392 38.8806922, 121.5254403 38.8806808, 121.5254469 38.8805399))","[4712714507, 3042871263, 4712714508, 4712714506, 4712714507]",yes,教工食堂,regional,cafeteria
