element_type,osmid,nodes,addr:street,amenity,building,cuisine,geometry,name:en,name,fast_food
way,335053949,"[3421820166, 3421820167, 3421820168, 3421820169, 3421820166]",梅陇路,restaurant,yes,chinese,"POLYGON ((121.416815 31.1437117, 121.416881 31.1435672, 121.4173096 31.1437107, 121.4172436 31.1438552, 121.416815 31.1437117))",,,
way,335053970,"[3421827509, 3421827510, 3421827511, 3421827512, 3421827513, 3421827514, 3421827509]",,restaurant,yes,chinese,"POLYGON ((121.4171172 31.1465372, 121.4173988 31.1466189, 121.41757 31.146187, 121.4173764 31.1461308, 121.4173345 31.1462365, 121.4172464 31.146211, 121.4171172 31.1465372))",Youyi,,
way,335054082,"[3421828279, 3421828280, 3421828281, 3421828282, 3421828279]",,restaurant,yes,,"POLYGON ((121.416989 31.1468917, 121.4172236 31.146957, 121.4173371 31.1466582, 121.4171025 31.1465929, 121.416989 31.1468917))",,4,
way,335054083,"[3421828284, 3421828285, 3421828286, 3421828287, 3421828284]",,restaurant,yes,,"POLYGON ((121.4177588 31.1481182, 121.4178459 31.1478766, 121.4174996 31.1477852, 121.4174126 31.1480269, 121.4177588 31.1481182))",,三食堂,cafeteria
