element_type,osmid,nodes,amenity,building,healthcare,name,geometry
way,863132756,"[8040763336, 8040763335, 8040763329, 8040763330, 8040763334, 8040763333, 8040763331, 8040763332, 8040763336]",hospital,yes,hospital,上海师范大学校医院,"POLYGON ((121.4112774 31.1611642, 121.4115748 31.1612095, 121.4116011 31.1610827, 121.4116779 31.1610944, 121.4117092 31.1609439, 121.4114523 31.1609047, 121.4114154 31.1610822, 121.4112981 31.1610643, 121.4112774 31.1611642))"
