element_type,osmid,nodes,amenity,building,fast_food,name,geometry
way,543877990,"[5257574290, 5257574291, 5257574292, 5257574293, 5257574294, 5257574295, 5257574290]",restaurant,yes,cafeteria,二食堂,"POLYGON ((117.1600642 39.1038854, 117.1605695 39.1038758, 117.1605634 39.1038041, 117.1606866 39.1038041, 117.1606928 39.1035172, 117.1600396 39.1035124, 117.1600642 39.1038854))"
way,543877991,"[5257574296, 5257574297, 5257574298, 5257574299, 5257574296]",restaurant,yes,cafeteria,一食堂,"POLYGON ((117.1606366 39.1034602, 117.1609869 39.1034492, 117.1609905 39.1031828, 117.1606366 39.1031883, 117.1606366 39.1034602))"
