element_type,osmid,nodes,amenity,building,name,geometry
way,1092751690,"[10007623988, 10007623989, 10007623990, 10007623991, 10007623988]",police,yes,保卫处,"POLYGON ((126.6252275 45.7402172, 126.6253368 45.7401504, 126.625695 45.7404356, 126.6255857 45.7405025, 126.6252275 45.7402172))"
