element_type,osmid,addr:city,amenity,internet_access,name,operator,geometry,nodes,building,building:levels,opening_hours,operator:type,roof:levels,roof:shape,wikidata,wikimedia_commons,wikipedia
node,5624636909,London,library,yes,ICSF Library,Imperial College Science Fiction & Fantasy Society,POINT (-0.1784897 51.5001094),,,,,,,,,,
way,110085233,,library,wlan,Imperial College Central Library,Imperial College London,"POLYGON ((-0.1785124 51.4979329, -0.1778251 51.4979865, -0.1778834 51.4982916, -0.1778557 51.4982937, -0.1778331 51.4982961, -0.1778266 51.4982983, -0.1778243 51.4983009, -0.1778229 51.4983048, -0.1778229 51.4983078, -0.1778361 51.4983685, -0.1778415 51.4983722, -0.1778486 51.4983739, -0.1778573 51.4983737, -0.1778747 51.4983719, -0.1779039 51.4983676, -0.1779149 51.4984246, -0.177929 51.4984934, -0.1779355 51.4985315, -0.1779862 51.4985276, -0.1785694 51.4984827, -0.178567 51.4984707, -0.1785168 51.4982469, -0.1785789 51.4982431, -0.1785124 51.4979329))","[1258483013, 6037519601, 6037519600, 6575572077, 10570882351, 10570882350, 10570882349, 6037519604, 10570882352, 6037519603, 10570882353, 10570882354, 10570882355, 6575572076, 6037519602, 7371559435, 7371559431, 7371559430, 6524005142, 1258483122, 10570882366, 6037519598, 6037519599, 1258483013]",university,5,"Su-Th 00:00-24:00, Sa 10:00-24:00; Fr 00:00-23:00",university,1,flat,Q76834801,Category:Imperial College Central Library,en:Imperial College Central Library
