element_type,osmid,nodes,amenity,building,emergency,healthcare,int_name,name,geometry
way,116945145,"[1317247921, 3834278993, 1317247968, 1317247960, 1317248044, 1317247924, 1317247977, 1317248032, 3846953144, 1317247979, 3834278998, 3834279001, 3834278997, 1317247921]",hospital,yes,no,hospital,Campus Hospital,校医院,"POLYGON ((121.4016341 31.2315336, 121.4016055 31.2315245, 121.4016286 31.2314717, 121.4019978 31.2315895, 121.4020702 31.2314219, 121.4021254 31.2314394, 121.401986 31.2317624, 121.4019308 31.2317449, 121.4019559 31.2316859, 121.4019621 31.2316713, 121.4016757 31.23158, 121.4016688 31.2315957, 121.4016146 31.2315784, 121.4016341 31.2315336))"
