element_type,osmid,nodes,addr:city,addr:district,addr:housenumber,addr:province,addr:street,amenity,building,name,geometry
way,670930678,"[6282885831, 6282885832, 6282885833, 6282885834, 6282885835, 6282885836, 6282885837, 6282885838, 6282885839, 6282886460, 6282885840, 6282885841, 6282885831]",南京市,鼓楼区,1号,江苏省,西康路,library,yes,图书馆,"POLYGON ((118.7525392 32.0573042, 118.7528226 32.0575113, 118.7528627 32.0574719, 118.7529136 32.0575091, 118.7530406 32.0573843, 118.7530003 32.0573548, 118.7530655 32.0572908, 118.7527442 32.0570397, 118.7527165 32.057066, 118.7526218 32.0570619, 118.752527 32.0570578, 118.7525734 32.0572706, 118.7525392 32.0573042))"
