element_type,osmid,nodes,amenity,building,fast_food,name,geometry,building:levels
way,670930694,"[6282886472, 6282886473, 6282886474, 6282886475, 6282886476, 6282886477, 6282886478, 6282886479, 6282886480, 6282886481, 6282886482, 6282886483, 6282886484, 6282886472]",restaurant,school,cafeteria,学生1食堂,"POLYGON ((118.7520539 32.0558273, 118.7523054 32.055906, 118.7522862 32.05595, 118.7523061 32.0559563, 118.7522563 32.0560705, 118.7523565 32.0561027, 118.7522769 32.0562765, 118.7521725 32.0562409, 118.7521469 32.0562998, 118.7520816 32.0562793, 118.7520904 32.0562591, 118.7519151 32.0562042, 118.7519027 32.0561744, 118.7520539 32.0558273))",
way,670930695,"[6282886485, 6282886486, 6282886487, 6282886488, 6282886489, 6282886490, 6282886478, 6282886477, 6282886485]",restaurant,school,cafeteria,学生2食堂,"POLYGON ((118.7524291 32.055944, 118.7525979 32.0559995, 118.7525646 32.0560723, 118.7526574 32.0561029, 118.7525253 32.0563913, 118.7522637 32.0563053, 118.7522769 32.0562765, 118.7523565 32.0561027, 118.7524291 32.055944))",
way,679932666,"[6366367515, 6366367516, 6366367517, 6366367518, 6366367519, 6366367520, 6366367521, 6366367522, 6366367523, 6366367524, 6366367525, 6366367526, 6366367527, 6366367528, 6366367529, 6366367530, 6366367531, 6366367515]",restaurant,yes,,研究生餐厅,"POLYGON ((118.7565526 32.0589368, 118.7566012 32.0587984, 118.7570307 32.0589118, 118.7569836 32.0590465, 118.7568718 32.0590228, 118.75686 32.0590502, 118.7568968 32.0590602, 118.7568998 32.0590814, 118.7568762 32.0590963, 118.7567791 32.0590701, 118.7567586 32.0590789, 118.7567335 32.0590689, 118.7567571 32.0590091, 118.7567821 32.0590128, 118.7567909 32.059034, 118.7568189 32.059039, 118.7568306 32.0590103, 118.7565526 32.0589368))",3
