element_type,osmid,nodes,amenity,building,name,name:en,geometry
way,228965929,"[2376118495, 2376118496, 2376118497, 2376118499, 2376118495]",library,yes,钱学森图书馆,Qianxuesen Library,"POLYGON ((121.4304548 31.2032687, 121.4310209 31.203273, 121.431026 31.2027865, 121.4304599 31.2027822, 121.4304548 31.2032687))"
