element_type,osmid,geometry,nodes,amenity,building,name,name:en,name:ja,source,source:name,internet_access,internet_access:fee,internet_access:ssid
way,138883122,"POLYGON ((118.8503709 32.0297943, 118.8503669 32.0300165, 118.8503625 32.0302584, 118.8505969 32.0302614, 118.8505947 32.0303854, 118.8498895 32.0303762, 118.8498919 32.0302429, 118.8501276 32.030246, 118.8501302 32.030102, 118.8497902 32.0300976, 118.8497929 32.0299478, 118.8501255 32.0299521, 118.8501284 32.029795, 118.8498915 32.0297919, 118.8498938 32.0296627, 118.8506065 32.0296719, 118.8506042 32.0297973, 118.8503709 32.0297943))","[1464752916, 1757184265, 1522672043, 1522672044, 1522672046, 1522672045, 1522672040, 1522672041, 1522672039, 1522672038, 1522672035, 1522672037, 1522672033, 1522672032, 1522672030, 1522672031, 1522672034, 1464752916]",library,yes,南京理工大学图书馆,NJUST Library,南京理工大学図書館,bing,Survey,,,
way,474202731,"POLYGON ((118.8509673 32.0279992, 118.8519195 32.0279786, 118.8518255 32.0274488, 118.8510612 32.0274557, 118.8509673 32.0279992))","[4682076054, 4682076055, 4682076056, 4682076057, 4682076054]",library,yes,南京理工大学图书馆,,,,,wlan,yes,NJUST
