element_type,osmid,nodes,amenity,building,name,geometry
way,916831940,"[8515450583, 8515450584, 8515450585, 8515450586, 8515450583]",restaurant,yes,明故宫食堂,"POLYGON ((118.8159624 32.0356162, 118.8159037 32.0353531, 118.816359 32.0352801, 118.8164176 32.0355432, 118.8159624 32.0356162))"
