element_type,osmid,nodes,amenity,building,geometry
way,1214563585,"[11253053349, 11253053350, 11253053351, 11253053352, 11253053349]",police,yes,"POLYGON ((112.9365797 28.1817689, 112.9366118 28.1817286, 112.9366788 28.1817701, 112.9366467 28.1818104, 112.9365797 28.1817689))"
