element_type,osmid,nodes,amenity,building,fast_food,name,geometry
way,312550765,"[3184239233, 3184239234, 3184239235, 3184239236, 3184239233]",restaurant,yes,cafeteria,湖南大学五、三食堂,"POLYGON ((112.9427965 28.1823644, 112.9428019 28.1819566, 112.9433128 28.1819619, 112.9433074 28.1823697, 112.9427965 28.1823644))"
way,337142429,"[3442441969, 3442441970, 3442441971, 3442441972, 3442441973, 3442441974, 3442441975, 3442441976, 3442441977, 3442441978, 3442441979, 3442441980, 3442441981, 3442441982, 3442441983, 3442441984, 3442441985, 3442441986, 3442441987, 3442441988, 3442441989, 3442441990, 3442441969]",restaurant,yes,cafeteria,湖南大学第四食堂,"POLYGON ((112.9390123 28.1860993, 112.9392808 28.1861118, 112.9392909 28.1859429, 112.939249 28.1859409, 112.939251 28.185909, 112.9392925 28.185911, 112.9393067 28.1856819, 112.9392552 28.1856794, 112.9392583 28.1856285, 112.9393049 28.1856308, 112.9393114 28.1855263, 112.9392943 28.1854999, 112.9392648 28.1854818, 112.9390611 28.1854725, 112.9390525 28.1856183, 112.9392033 28.1856252, 112.9391973 28.185726, 112.9390432 28.1857189, 112.9390347 28.1858631, 112.939172 28.1858694, 112.9391678 28.1859401, 112.9390222 28.1859333, 112.9390123 28.1860993))"
