element_type,osmid,nodes,amenity,healthcare,name,geometry
way,312886957,"[3188074319, 3442442033, 3188074320, 3442441910, 3442441909, 3188074321, 3188074322, 3188074323, 3442441913, 3188074324, 3442441912, 3442441911, 3188074319]",hospital,hospital,湖南大学医院,"POLYGON ((112.9357982 28.1826128, 112.9364822 28.1825503, 112.9367811 28.1824118, 112.9368026 28.1822842, 112.9363775 28.1821511, 112.9363867 28.1819094, 112.9360262 28.1818687, 112.9356996 28.1819664, 112.9354131 28.182105, 112.9353946 28.1823276, 112.9352128 28.1826725, 112.9352929 28.1828681, 112.9357982 28.1826128))"
