element_type,osmid,amenity,name,geometry,nodes,addr:city,addr:street,building
node,1705321807,library,浙江科技学院图书馆 Library of ZUST,POINT (120.0225573 30.222022),,,,
way,305157253,library,浙江工业大学图书馆,"POLYGON ((120.029759 30.2278138, 120.0296517 30.2277164, 120.0295605 30.2274708, 120.0294532 30.2274383, 120.0293781 30.2272622, 120.0293796 30.2270375, 120.0296517 30.2270388, 120.0296525 30.2269195, 120.0302907 30.2269227, 120.0302899 30.2270526, 120.0305842 30.2270542, 120.0305812 30.2274853, 120.0304617 30.2274847, 120.030392 30.2276701, 120.0302472 30.2278277, 120.0300218 30.2278879, 120.029759 30.2278138))","[3097359435, 3097359436, 3097359437, 3097359451, 3097359438, 3097359439, 3097359440, 3097359441, 3097359442, 3097359443, 3097359444, 3097359445, 3097359450, 3097359446, 3097359447, 3097359448, 3097359435]",杭州,留和路,yes
