element_type,osmid,amenity,geometry,name,nodes,building
node,3392490129,restaurant,POINT (120.0173566 30.2173166),,,
way,331784574,restaurant,"POLYGON ((120.0192947 30.2230536, 120.0194181 30.2228821, 120.0191552 30.2227152, 120.0190265 30.2228589, 120.0192947 30.2230536))",Kantine,"[3388907275, 3388907276, 3388907277, 3388907278, 3388907275]",yes
way,415494705,restaurant,"POLYGON ((120.0393821 30.2318111, 120.039298 30.2317661, 120.0394285 30.2315844, 120.0394198 30.2315163, 120.039478 30.2314452, 120.0396091 30.2314262, 120.0406984 30.2319838, 120.0405635 30.2321804, 120.0404242 30.2321091, 120.0403551 30.2321635, 120.0399581 30.2321635, 120.0398528 30.232107, 120.0398027 30.2321768, 120.0393094 30.2319122, 120.0393821 30.2318111))",养贤府,"[4165556449, 5306827236, 4165556450, 5306827237, 5306827255, 4165556451, 4165556453, 4165556454, 4165556455, 4165556456, 4165556457, 4165556458, 4165556461, 4165556462, 4165556449]",yes
way,549381311,restaurant,"POLYGON ((120.0356811 30.2313173, 120.0362959 30.2313173, 120.0362959 30.231355, 120.0363688 30.231355, 120.0363746 30.2317705, 120.036202 30.2317713, 120.0362024 30.2319265, 120.0359594 30.2319249, 120.0359619 30.2317729, 120.0353605 30.2317721, 120.0353518 30.231569, 120.0354567 30.231569, 120.0354567 30.2314255, 120.0355237 30.2313651, 120.035617 30.2313626, 120.035617 30.2312845, 120.0356782 30.2312845, 120.0356811 30.2313173))",家和堂,"[5306827238, 5306827239, 5306827240, 5306827241, 5306827242, 5306827254, 5306827253, 5306827252, 5306827251, 5306827243, 5306827244, 5306827245, 5306827246, 5306827247, 5306827248, 5306827249, 5306827250, 5306827238]",yes
