element_type,osmid,nodes,amenity,building,name,source,geometry
way,164083826,"[1757420357, 1757420355, 1757420353, 1757420348, 1757420346, 1757420338, 1757420334, 1757420330, 1757420327, 1757420332, 1757420336, 1757420340, 1757420344, 1757420342, 1757420352, 1757420350, 1757420364, 1757420366, 1757420370, 1757420374, 1757420377, 1757420375, 1757420372, 1757420368, 1757420362, 1757420359, 1757420360, 1757420357]",food_court,yes,明苑美食广场,bing,"POLYGON ((118.8495556 32.026186, 118.8495528 32.0260856, 118.8495049 32.0260844, 118.8495034 32.0260157, 118.849426 32.0260144, 118.8493907 32.0259794, 118.8493538 32.0259507, 118.8492846 32.0259295, 118.8492021 32.0259257, 118.8491284 32.0259482, 118.8490827 32.0259807, 118.8490547 32.0260007, 118.8490409 32.0260144, 118.848984 32.0260144, 118.8489781 32.0260719, 118.848956 32.0260731, 118.8489523 32.0264885, 118.8489826 32.0264899, 118.8490409 32.0265499, 118.8491284 32.0266047, 118.8492243 32.0266224, 118.8493326 32.0265941, 118.8493972 32.0265552, 118.8494556 32.0264987, 118.8494868 32.0264351, 118.849502 32.0263958, 118.8495514 32.0263962, 118.8495556 32.026186))"
