element_type,osmid,nodes,amenity,building,healthcare,name,name:en,name:zh,name:zh-Hans,name:zh-Hant,geometry
way,231796343,"[2401265072, 2401265073, 2401265064, 2401265081, 2401265083, 2401265067, 2401265071, 2401265085, 2401265090, 2401265080, 2401265068, 2401265089, 2401265078, 2401265088, 2401265072]",hospital,yes,hospital,校医院,Hospital of Shenzhen University,校医院,校医院,校醫院,"POLYGON ((113.9337317 22.5352515, 113.9336179 22.5353288, 113.9336952 22.5354279, 113.9336773 22.5355115, 113.9336633 22.5355808, 113.933751 22.5355971, 113.9337692 22.5355018, 113.9339328 22.535529, 113.9339302 22.5355513, 113.9340562 22.5355736, 113.9340804 22.5354324, 113.9340433 22.5354269, 113.9340321 22.5353928, 113.9338047 22.5353529, 113.9337317 22.5352515))"
