element_type,osmid,nodes,amenity,building,library,name,operator,geometry
way,282652900,"[2865944166, 2865944167, 2865944168, 2865944169, 2865944166]",library,yes,university,中国地质大学图书馆,中国地质大学,"POLYGON ((114.3934559 30.5212469, 114.3941398 30.5212492, 114.3941426 30.5206114, 114.3934587 30.5206092, 114.3934559 30.5212469))"
