element_type,osmid,nodes,amenity,building,building:levels,name,geometry
way,1068498216,"[9808677249, 9808677250, 9808677251, 9808677252, 9808677253, 9808677254, 9808677255, 9808677256, 9808677257, 9808677258, 9808677259, 9808677260, 9808677261, 9808677262, 9808677263, 9808677264, 9808677249]",restaurant,yes,5,上外食堂,"POLYGON ((121.4788781 31.2792912, 121.4793301 31.2791322, 121.4794168 31.2793127, 121.4795691 31.2792609, 121.4794737 31.2790559, 121.479483 31.2790269, 121.4794676 31.2790019, 121.479426 31.278994, 121.4793776 31.2788933, 121.4792739 31.2789297, 121.4792829 31.2789483, 121.4790574 31.2790275, 121.4790479 31.2790077, 121.4788502 31.2790772, 121.4788993 31.2791792, 121.4788351 31.2792018, 121.4788781 31.2792912))"
