element_type,osmid,access,amenity,female,toilets:disposal,geometry,fee,unisex,male,nodes,level,wheelchair
node,3287726677,permissive,toilets,yes,flush,POINT (-83.7448904 42.2715746),no,,,,,
node,3847660693,permissive,toilets,,flush,POINT (-83.7222957 42.2864991),,yes,,,,
node,5604967286,,toilets,,flush,POINT (-83.7448873 42.2715012),no,,yes,,,
way,1026887254,,toilets,,,"POLYGON ((-83.7377579 42.2791096, -83.7376861 42.2791109, -83.7376839 42.2790449, -83.7377556 42.2790436, -83.7377579 42.2791096))",,,yes,"[9467542227, 9467542231, 9467542232, 9467542121, 9467542227]",0,yes
way,1026887256,,toilets,yes,,"POLYGON ((-83.7378158 42.2791881, -83.7377132 42.27919, -83.7376907 42.2791904, -83.7376917 42.2792209, -83.7378168 42.2792186, -83.7378158 42.2791881))",,,,"[9467542036, 9467542234, 9467542037, 9467542038, 9467542235, 9467542036]",0,yes
way,1030846071,,toilets,yes,,"POLYGON ((-83.7425913 42.2736295, -83.7425717 42.27363, -83.742572 42.2736236, -83.7425717 42.2735995, -83.7425894 42.2736, -83.7425913 42.2736295))",no,,,"[9502033340, 9502047328, 9502047326, 9502047327, 9502011217, 9502033340]",9,
