element_type,osmid,ways,amenity,building,type,nodes,geometry
relation,3368480,"[250889634, 250889640]",library,yes,multipolygon,"[[[2572389038, 2572389122, 2572389099, 2572389100, 2572389098, 2572389090, 2572389032, 2572389065, 2572389137, 2572389078, 2572389162, 2572389157, 2572389170, 2572389155, 2572389182, 2572389023, 2572389017, 2572389045, 2572389075, 2572389142, 2572389108, 2572389074, 2572389104, 2572389030, 2572389073, 2572389092, 2572389081, 2572389114, 2572389160, 2572389049, 2572389027, 2572389034, 2572389111, 2572389120, 2572389158, 2572389069, 2572389148, 2572389076, 2572389071, 2572389096, 2572389033, 2572389173, 2572389163, 2572389060, 2572389024, 2572389038], [2572389167, 2572389184, 2572389012, 2572389175, 2572389136, 2572389009, 2572389167]]]","POLYGON ((120.2684081 31.4834306, 120.268283 31.483432, 120.2682831 31.4834686, 120.2681226 31.4834684, 120.2681199 31.4836056, 120.2680564 31.4836037, 120.2680552 31.4838316, 120.268113 31.4838307, 120.2681147 31.4838947, 120.268056 31.4838939, 120.2680533 31.4842845, 120.2681225 31.4842855, 120.2681214 31.4843476, 120.2680545 31.4843477, 120.2680513 31.4845796, 120.2681162 31.4845804, 120.2681154 31.4846396, 120.268051 31.484639, 120.2680498 31.4848742, 120.2681173 31.4848727, 120.2681173 31.4849573, 120.2683096 31.4849577, 120.268314 31.4849832, 120.2683434 31.4849949, 120.268373 31.4849824, 120.26838 31.4849582, 120.268381 31.4847913, 120.2685114 31.4847906, 120.2685114 31.4849586, 120.2687473 31.4849551, 120.2687525 31.4842696, 120.2686746 31.4842684, 120.2686711 31.4838876, 120.2687395 31.4838823, 120.2687823 31.4838548, 120.2688386 31.4837996, 120.2688681 31.483729, 120.2688762 31.4836491, 120.2688547 31.483569, 120.2688172 31.483505, 120.2687662 31.4834592, 120.2686965 31.4834199, 120.2686215 31.4833998, 120.2685491 31.4833929, 120.2684702 31.4834027, 120.2684081 31.4834306), (120.2683596 31.4836087, 120.2685523 31.4836097, 120.2685513 31.4837405, 120.2685 31.4837402, 120.2684995 31.4838114, 120.2683581 31.4838106, 120.2683596 31.4836087))"
