element_type,osmid,nodes,amenity,building,fast_food,name,name:zh,name:zh-Hans,geometry,cuisine,opening_hours
way,289550980,"[2931042957, 2931042939, 2931042956, 2931042931, 2931042930, 2931043000, 2931042936, 2931042926, 2931042947, 2931042966, 2931042912, 2931042911, 2931042909, 2931042982, 2931043501, 2931042984, 2931042977, 2931042976, 2931042923, 2931042991, 2931042997, 2931042993, 2931042924, 2931042963, 2931042913, 2931042955, 2931042928, 2931042968, 2931042920, 2931042975, 2931042981, 2931042957]",restaurant,yes,cafeteria,第一食堂江南苑,第一食堂江南苑,第一食堂江南苑,"POLYGON ((120.2668352 31.4908042, 120.2668356 31.4908361, 120.2667716 31.4908367, 120.2667737 31.491007, 120.2668381 31.4910065, 120.2668395 31.491122, 120.2671686 31.4911191, 120.2671681 31.4910793, 120.2672459 31.4910786, 120.2672433 31.4908627, 120.2671655 31.4908634, 120.2671633 31.4906825, 120.2673129 31.4906812, 120.267311 31.4905269, 120.2671615 31.4905282, 120.2671606 31.4904528, 120.2668318 31.4904556, 120.2668323 31.4904946, 120.2667599 31.490495, 120.2667594 31.4904336, 120.2666671 31.4904342, 120.2666676 31.4904911, 120.266514 31.490492, 120.2665148 31.4904131, 120.2662398 31.4904113, 120.2662383 31.4905773, 120.2665147 31.4905779, 120.2666686 31.490577, 120.2666694 31.4906756, 120.266333 31.4906776, 120.2663341 31.4908073, 120.2668352 31.4908042))",,
way,521961180,"[5084947710, 5084947711, 5084947712, 5084947713, 5084947714, 5084947715, 5084947716, 5084947717, 5084947718, 5084947719, 5084947720, 5084947821, 5084947822, 5084947823, 5084947824, 5084947825, 5084947826, 5084947827, 5084947828, 5084947829, 5084947830, 5084947831, 5084947832, 5084947833, 5084947710]",restaurant,service,,第二食堂梁溪苑,第二食堂梁溪苑,第二食堂梁溪苑,"POLYGON ((120.2605845 31.4918218, 120.2605807 31.4917333, 120.2605251 31.4917491, 120.2605177 31.4914963, 120.2605733 31.4914963, 120.2605882 31.4914236, 120.2611441 31.4914141, 120.2611404 31.4914931, 120.2612961 31.4915058, 120.2612998 31.4917207, 120.2615778 31.4917112, 120.2615778 31.4916101, 120.2618447 31.4916101, 120.2618521 31.4917302, 120.2619448 31.491746, 120.2619633 31.4919736, 120.261841 31.4919862, 120.2618447 31.4920241, 120.2615704 31.4920273, 120.2615741 31.4918819, 120.2614703 31.4918819, 120.2608328 31.4918945, 120.2607179 31.4918945, 120.2607142 31.4918124, 120.2605845 31.4918218))",chinese,Mo-Sa 07:00-20:00
