element_type,osmid,nodes,amenity,building,healthcare,geometry
way,252224053,"[2583147353, 2583147339, 2583147368, 2583147381, 2583147344, 2583147365, 2583147348, 2583147370, 2583147353]",hospital,yes,hospital,"POLYGON ((120.2710965 31.486616, 120.2715852 31.4866134, 120.2715865 31.4867956, 120.2710959 31.4867983, 120.2710956 31.4867564, 120.2710248 31.4867568, 120.2710243 31.4866866, 120.271097 31.4866863, 120.2710965 31.486616))"
way,252224055,"[2583147345, 2583147363, 2583147385, 2583147338, 2583147358, 2583147360, 2583147377, 2583147380, 2583147345]",hospital,yes,hospital,"POLYGON ((120.2711065 31.4863243, 120.2715902 31.4863255, 120.2715896 31.4864895, 120.2711038 31.4864883, 120.271104 31.4864264, 120.2710348 31.4864263, 120.271035 31.4863592, 120.2711064 31.4863593, 120.2711065 31.4863243))"
