element_type,osmid,nodes,amenity,building,building:levels,name,official_name,wikidata,geometry
way,44635080,"[571718797, 571718802, 566601161, 571719133, 571719134, 571719135, 571719136, 566601311, 3704238353, 571718797]",library,yes,3,Fairchild Library,Sherman Fairchild Library of Engineering and Applied Science,Q62641358,"POLYGON ((-118.1247139 34.1375298, -118.1247139 34.1371535, -118.1248882 34.1371535, -118.1248842 34.13731, -118.1248534 34.13731, -118.1248534 34.1373877, -118.1248855 34.1373877, -118.1248855 34.1375431, -118.1247166 34.1375431, -118.1247139 34.1375298))"
