element_type,osmid,nodes,amenity,building,name,name:en,geometry
way,409154036,"[4110444894, 4110444895, 4110444896, 4110444897, 4110444898, 4110444899, 4110444900, 4110444894]",library,yes,厦门大学图书馆,"Library, Amoy University","POLYGON ((118.0911144 24.4417176, 118.0911252 24.4408922, 118.0913826 24.4408922, 118.0913934 24.4410143, 118.0922034 24.4410045, 118.0923643 24.4413806, 118.0914202 24.4417224, 118.0911144 24.4417176))"
