element_type,osmid,amenity,geometry
node,6328109205,bicycle_parking,POINT (126.6823207 45.7718106)
node,6328109206,bicycle_parking,POINT (126.6823582 45.7712119)
node,6328109245,bicycle_parking,POINT (126.6766796 45.7742507)
node,6328109246,bicycle_parking,POINT (126.6756497 45.7741871)
