element_type,osmid,nodes,addr:postcode,amenity,emergency,healthcare,name,name:en,geometry
way,359583115,"[3642584027, 3642584028, 3642584029, 3642584030, 3642584031, 3642584032, 3642584033, 3642584034, 3642584035, 3642584036, 3642584037, 3642584038, 3642584039, 3642584040, 3642584041, 3642584042, 3642584027]",710072,hospital,yes,hospital,西工大医院,NPU Hospital,"POLYGON ((108.9073711 34.2479981, 108.9074214 34.2479981, 108.9074679 34.2479661, 108.9075298 34.2479661, 108.9075763 34.2479885, 108.9079907 34.2479981, 108.9079946 34.2480974, 108.9079481 34.2480974, 108.9079365 34.2483407, 108.9078978 34.2483375, 108.9078552 34.2483407, 108.907433 34.2483311, 108.9073362 34.2483087, 108.9070573 34.2483087, 108.9070767 34.248203, 108.9073478 34.248203, 108.9073711 34.2479981))"
