osmid,y,x,street_count,geometry
2374647464,51.7585847,-1.2560028,1,POINT (-1.2560028 51.7585847)
2374647467,51.7586026,-1.255933,1,POINT (-1.255933 51.7586026)
