element_type,osmid,nodes,amenity,building,name,geometry
way,226694685,"[2354583718, 2354583720, 2354583722, 2354583724, 2354583718]",restaurant,yes,和园,"POLYGON ((116.2719577 40.0269482, 116.2721841 40.02667, 116.2727529 40.0269414, 116.2725265 40.0272196, 116.2719577 40.0269482))"
