element_type,osmid,nodes,amenity,building,name,geometry
way,226511792,"[2353064201, 2353064203, 2353064206, 2353064207, 2353064209, 2353064211, 2353064201]",library,yes,中国农业大学图书馆,"POLYGON ((116.2736802 40.0237642, 116.2743248 40.0240761, 116.2744118 40.0240397, 116.2747677 40.0236552, 116.2747083 40.0234069, 116.2742299 40.0231676, 116.2736802 40.0237642))"
