element_type,osmid,nodes,amenity,building,healthcare,name,name:en,geometry
way,188231251,"[1988536115, 1988536112, 1988536116, 1988536119, 1988536122, 1988536124, 1988536121, 1988536123, 1988536118, 1988536117, 1988536114, 1988536113, 1988536115]",hospital,yes,hospital,同济大学校医院,School Clinic of Tongji University,"POLYGON ((121.4963832 31.2826127, 121.4967024 31.2824912, 121.49677 31.2826209, 121.4964508 31.2827424, 121.4965106 31.2828572, 121.496346 31.2829199, 121.4962861 31.2828051, 121.4961423 31.2828599, 121.4960747 31.2827302, 121.4962185 31.2826754, 121.4961801 31.2826017, 121.4963448 31.282539, 121.4963832 31.2826127))"
