element_type,osmid,nodes,amenity,building,name,geometry
way,543834370,"[5257159303, 5257159304, 5257159305, 5257159306, 5257159307, 5257159308, 5257159726, 5257159309, 5257159310, 5257159311, 5257159312, 5257159313, 5257159314, 5257159315, 5257159316, 5257159317, 5257159318, 5257159319, 5257159320, 5257159721, 5257159722, 5257159723, 5257159724, 5257159725, 5257159303]",library,yes,南开大学新图书馆,"POLYGON ((117.1594783 39.1022941, 117.1597048 39.1021292, 117.159609 39.102044, 117.1596487 39.1020059, 117.1596814 39.1020168, 117.1597631 39.1019371, 117.1597526 39.1019008, 117.1597561 39.1018646, 117.1596744 39.1017921, 117.1596487 39.101803, 117.159616 39.1017794, 117.1597094 39.1016961, 117.1594829 39.1015113, 117.1593405 39.1016164, 117.159518 39.1017577, 117.1593989 39.1018592, 117.1593078 39.101861, 117.1591724 39.1017686, 117.1589879 39.101899, 117.1591654 39.1020367, 117.1592938 39.1019425, 117.1593755 39.1019353, 117.1595156 39.1020367, 117.1593265 39.1021817, 117.1594783 39.1022941))"
way,543878014,"[5257574595, 5257574596, 5257574597, 5265369901, 5265369903, 2256059663, 5265369904, 5265369902, 5257574598, 5257574599, 5257574600, 5257574601, 5257574602, 5257574603, 5265369905, 5265369906, 5265369908, 5265369907, 5257574604, 5257574595]",library,yes,Nankai University Library,"POLYGON ((117.1664358 39.103644, 117.1666069 39.1036488, 117.166617 39.1034315, 117.1668417 39.1034378, 117.1668408 39.1034559, 117.1669431 39.1034587, 117.1670614 39.103462, 117.1670692 39.1034473, 117.1672565 39.1034536, 117.1672437 39.1036796, 117.1673982 39.1036848, 117.1674108 39.1034615, 117.1674511 39.1034629, 117.1674591 39.10332, 117.1670573 39.1033064, 117.167059 39.1032747, 117.1668563 39.1032684, 117.1668554 39.1032875, 117.1664529 39.1032762, 117.1664358 39.103644))"
