element_type,osmid,nodes,amenity,building,healthcare,healthcare:speciality,name,operator,operator:type,geometry,emergency
way,103757019,"[9439385758, 1197937939, 1197937932, 1197937982, 1197937976, 1197937985, 9439385767, 9439385765, 9439385764, 9439385763, 9439385762, 9439385766, 11395851400, 11395851399, 9439385759, 1203939997, 1203940071, 9439385761, 9439385756, 9439385755, 9439385773, 9439385772, 9439385771, 9439385754, 9439385770, 9439385757, 9439385760, 9439385769, 9439385768, 9439385758]",hospital,yes,hospital,traditional_chinese_medicine,东校区医院,华中科技大学,school,"POLYGON ((114.4268407 30.5108439, 114.4268807 30.5108406, 114.4268724 30.5107659, 114.4267133 30.5107792, 114.4267065 30.5107184, 114.4263303 30.5107497, 114.426343 30.5108637, 114.4263518 30.5109425, 114.4263607 30.5109967, 114.4264594 30.5109896, 114.4264562 30.5109591, 114.4265753 30.5109513, 114.4265718 30.5108946, 114.4265402 30.510896, 114.426536 30.510844, 114.4267076 30.5108337, 114.42671 30.5108548, 114.4267267 30.511004, 114.4267409 30.5110028, 114.4267469 30.5110569, 114.4266208 30.5110674, 114.4266298 30.5111482, 114.4268183 30.5111326, 114.4268093 30.5110524, 114.4268255 30.5110511, 114.4268194 30.5109963, 114.4268307 30.5109953, 114.4268385 30.5109982, 114.4269037 30.5108672, 114.4268407 30.5108439))",
way,103757490,"[1197953444, 1197953423, 1186768344, 1186768372, 1186768394, 1197953440, 1197953447, 1197953444]",hospital,,hospital,,华科主校区医院,,,"POLYGON ((114.4084688 30.5200538, 114.4084007 30.5194815, 114.4087595 30.5194495, 114.4088503 30.5194414, 114.4089554 30.519432, 114.4094796 30.5193853, 114.4095477 30.5199576, 114.4084688 30.5200538))",yes
way,1012078987,"[9337270863, 9337270864, 9337270865, 9337270866, 9337270863]",hospital,,hospital,,校医院北区,,,"POLYGON ((114.4097603 30.5209251, 114.4087498 30.5210187, 114.4086643 30.5203333, 114.4096748 30.5202398, 114.4097603 30.5209251))",
