element_type,osmid,nodes,amenity,building,name,name:zh,name:zh-Hans,name:zh-Hant,geometry
way,779016656,"[7273640730, 7273640731, 7273640732, 7273640733, 7273640730]",restaurant,yes,一食堂,一食堂,一食堂,一食堂,"POLYGON ((116.4214975 39.9784968, 116.4214731 39.9790108, 116.422087 39.9790201, 116.422087 39.978503, 116.4214975 39.9784968))"
way,779016659,"[7273640742, 7273640743, 7273640744, 7273640745, 7273640746, 7273640747, 7273640748, 7273640749, 7273640742]",restaurant,yes,金融食堂,金融食堂,金融食堂,金融食堂,"POLYGON ((116.4194367 39.9802902, 116.4194475 39.9800346, 116.4192579 39.9800299, 116.4192674 39.9798063, 116.4198774 39.9798215, 116.4198601 39.9802315, 116.4196395 39.980226, 116.4196366 39.9802952, 116.4194367 39.9802902))"
