element_type,osmid,nodes,amenity,building,building:levels,name,name:zh,name:zh-Hans,name:zh-Hant,geometry
way,258855717,"[2641707755, 2641707764, 2641707763, 2641707765, 2641707761, 2641707762, 5018578065, 2641707758, 2641707759, 2641707755]",food_court,yes,2,西区食堂,西区食堂,西区食堂,西區食堂,"POLYGON ((116.3012648 39.9681125, 116.301577 39.9681322, 116.3015682 39.9682143, 116.3017504 39.9682258, 116.3018207 39.9675721, 116.3015954 39.9675578, 116.3015863 39.9676426, 116.3013172 39.9676256, 116.301315 39.967646, 116.3012648 39.9681125))"
