element_type,osmid,nodes,amenity,building,building:levels,name,geometry
way,1054157980,"[9687592470, 9687592471, 9687592472, 9687592473, 9687592474, 9687592475, 9687592476, 9687592477, 9687592478, 9687592479, 9687592480, 9687592481, 9687592482, 9687592483, 9687592484, 9687592485, 9687592470]",library,yes,7,逸夫图书馆,"POLYGON ((121.4781184 31.2795094, 121.4781847 31.2796351, 121.4783059 31.2795885, 121.4783409 31.2796551, 121.4784623 31.2796085, 121.4784738 31.2796305, 121.4785155 31.2796145, 121.4785041 31.2795928, 121.4787763 31.2794886, 121.478682 31.2793086, 121.4786997 31.2793019, 121.4786552 31.2792167, 121.4784189 31.2793069, 121.4784312 31.2793201, 121.4783645 31.2793458, 121.4783947 31.2794031, 121.4781184 31.2795094))"
