element_type,osmid,nodes,amenity,building,name,name:zh,name:zh-Hans,name:zh-Hant,geometry,operator
way,543815679,"[5257003781, 9630976091, 5257003783, 5257003784, 5257003785, 5257003786, 5257003781]",library,yes,北工大北图书馆,北工大北图书馆,北工大北图书馆,北工大北圖書館,"POLYGON ((116.4738525 39.8766833, 116.4738543 39.8765006, 116.4747122 39.8765039, 116.4747115 39.8765765, 116.475041 39.8765784, 116.4750399 39.8766901, 116.4738525 39.8766833))",
way,839812059,"[7836635208, 7836635209, 7836635210, 7836635211, 7836635212, 7836635208]",library,yes,逸夫图书馆,逸夫图书馆,逸夫图书馆,逸夫圖書館,"POLYGON ((116.4736855 39.8742914, 116.4731162 39.8742905, 116.473111 39.8730106, 116.4741212 39.8730063, 116.4741277 39.8742927, 116.4736855 39.8742914))",北京工业大学
