element_type,osmid,nodes,amenity,building,healthcare,name,geometry
way,237318480,"[2452391802, 2452391803, 2452391804, 2452391805, 2452391806, 2452391807, 2452391802]",hospital,yes,hospital,东南大学校医院,"POLYGON ((118.7905463 32.0539184, 118.7910673 32.053837, 118.7911129 32.0540405, 118.7910192 32.0540588, 118.7910072 32.054012, 118.7905847 32.0540791, 118.7905463 32.0539184))"
