element_type,osmid,nodes,amenity,building,name,geometry,ways,type
way,404071182,"[3574509989, 4063447262, 4063447266, 4063447252, 4063447253, 4063447254, 3574509986, 3574509989]",library,yes,南京图书馆成贤街分馆,"POLYGON ((118.790469 32.0539075, 118.790428 32.053507, 118.790399 32.0532237, 118.790342 32.0526676, 118.7907632 32.0526256, 118.7910488 32.0535685, 118.7911191 32.0538005, 118.790469 32.0539075))",,
relation,6989378,"[[[2449050347, 2449050348, 2451515722, 2451515721, 2449050351, 2449050352, 2449050353, 2452326341, 2452326327, 2449050354, 2449050355, 2452326324, 2449050356, 2449050347]]]",library,yes,四牌楼图书馆,"POLYGON ((118.7879901 32.0568318, 118.7881938 32.0568192, 118.7881833 32.0566981, 118.788179 32.0566478, 118.7885276 32.0566263, 118.788517 32.0565028, 118.7885024 32.056334, 118.7884895 32.0561845, 118.7878967 32.0562212, 118.7879102 32.0563765, 118.788088 32.0563655, 118.7881047 32.0565574, 118.7879671 32.056566, 118.7879901 32.0568318))",[236945092],multipolygon
